"-----Welcome to Address Book System MySQL Program-----"

-------------------------------------------------
UC1 -> Create a database for address book service
-------------------------------------------------
mysql> CREATE DATABASE address_book_service;
Query OK, 1 row affected (0.02 sec)

mysql> show databases;
+----------------------+
| Database             |
+----------------------+
| address_book_service |
| information_schema   |
| mysql                |
| payroll_service      |
| performance_schema   |
| sys                  |
| world                |
+----------------------+
7 rows in set (0.01 sec)

---------------------------------------------------------------
UC2 -> Create table in address book service with various fields
---------------------------------------------------------------

mysql> use address_book_service
Database changed
mysql> create table address_book
    -> (firstName VARCHAR(20) NOT NULL,
    -> lastName VARCHAR(20) NOT NULL,
    -> address VARCHAR(150) NOT NULL,
    -> city VARCHAR(20) NOT NULL,
    -> state VARCHAR(20) NOT NULL,
    -> zip INT NOT NULL,
    -> phone_Number INT NOT NULL,
    -> email_Id VARCHAR(30) NOT NULL);
Query OK, 0 rows affected (0.07 sec)

mysql> describe address_book;
+--------------+--------------+------+-----+---------+-------+
| Field        | Type         | Null | Key | Default | Extra |
+--------------+--------------+------+-----+---------+-------+
| firstName    | varchar(20)  | NO   |     | NULL    |       |
| lastName     | varchar(20)  | NO   |     | NULL    |       |
| address      | varchar(150) | NO   |     | NULL    |       |
| city         | varchar(20)  | NO   |     | NULL    |       |
| state        | varchar(20)  | NO   |     | NULL    |       |
| zip          | int          | NO   |     | NULL    |       |
| phone_Number | int          | NO   |     | NULL    |       |
| email_Id     | varchar(30)  | NO   |     | NULL    |       |
+--------------+--------------+------+-----+---------+-------+
8 rows in set (0.01 sec)

----------------------------------------------------------------
UC3 -> Added contacts to table of address book service database
----------------------------------------------------------------

mysql>  INSERT INTO address_book(firstName,lastName,address,city,state,zip,phone_Number,email_Id)VALUES
    -> ('Ashwini','Rathod','Kalyan','Mumbai',' Maharashtra',45689,968940,'rashwini510@gmail.com'),
    -> ('Akanksha','Jadhav','Ghatkopar',' Mumbai','Maharashtra',12345,1234567890,'ak@gamil.com'),
    -> ('Vishangi','Dabir','Panvel','Mumbai','Maharashtra',11254,123455,'vishangi@gmail.com');
Query OK, 3 rows affected (0.01 sec)
Records: 3  Duplicates: 0  Warnings: 0

mysql> SELECT * FROM address_book;
+-----------+----------+-----------+---------+--------------+-------+--------------+-----------------------+
| firstName | lastName | address   | city    | state        | zip   | phone_Number | email_Id              |
+-----------+----------+-----------+---------+--------------+-------+--------------+-----------------------+
| Ashwini   | Rathod   | Kalyan    | Mumbai  |  Maharashtra | 45689 |       968940 | rashwini510@gmail.com |
| Akanksha  | Jadhav   | Ghatkopar |  Mumbai | Maharashtra  | 12345 |   1234567890 | ak@gamil.com          |
| Vishangi  | Dabir    | Panvel    | Mumbai  | Maharashtra  | 11254 |       123455 | vishangi@gmail.com    |
+-----------+----------+-----------+---------+--------------+-------+--------------+-----------------------+
3 rows in set (0.00 sec)

--------------------------------------------------------------------------
UC4 -> Edit contact in a table of address book service database
--------------------------------------------------------------------------

mysql> update address_book set address = 'Dhule' where firstName = 'Ashwini';
Query OK, 1 row affected (0.01 sec)
Rows matched: 1  Changed: 1  Warnings: 0

mysql> SELECT * FROM address_book;
+-----------+----------+-----------+---------+--------------+-------+--------------+-----------------------+
| firstName | lastName | address   | city    | state        | zip   | phone_Number | email_Id              |
+-----------+----------+-----------+---------+--------------+-------+--------------+-----------------------+
| Ashwini   | Rathod   | Dhule     | Mumbai  |  Maharashtra | 45689 |       968940 | rashwini510@gmail.com |
| Akanksha  | Jadhav   | Ghatkopar |  Mumbai | Maharashtra  | 12345 |   1234567890 | ak@gamil.com          |
| Vishangi  | Dabir    | Panvel    | Mumbai  | Maharashtra  | 11254 |       123455 | vishangi@gmail.com    |
+-----------+----------+-----------+---------+--------------+-------+--------------+-----------------------+
3 rows in set (0.00 sec)

-----------------------------------------------------------------
UC5 -> Delete contact in a table of address book service database
-----------------------------------------------------------------

mysql> DELETE FROM address_book where firstName = 'Ashwini';
Query OK, 1 row affected (0.01 sec)

mysql> SELECT * FROM address_book;
+-----------+----------+-----------+---------+-------------+-------+--------------+--------------------+
| firstName | lastName | address   | city    | state       | zip   | phone_Number | email_Id           |
+-----------+----------+-----------+---------+-------------+-------+--------------+--------------------+
| Akanksha  | Jadhav   | Ghatkopar |  Mumbai | Maharashtra | 12345 |   1234567890 | ak@gamil.com       |
| Vishangi  | Dabir    | Panvel    | Mumbai  | Maharashtra | 11254 |       123455 | vishangi@gmail.com |
+-----------+----------+-----------+---------+-------------+-------+--------------+--------------------+
2 rows in set (0.00 sec)
