"-----Welcome to Address Book System MySQL Program-----"

-------------------------------------------------
UC1 -> Create a database for address book service
-------------------------------------------------
mysql> CREATE DATABASE address_book_service;
Query OK, 1 row affected (0.02 sec)

mysql> show databases;
+----------------------+
| Database             |
+----------------------+
| address_book_service |
| information_schema   |
| mysql                |
| payroll_service      |
| performance_schema   |
| sys                  |
| world                |
+----------------------+
7 rows in set (0.01 sec)

---------------------------------------------------------------
UC2 -> Create table in address book service with various fields
---------------------------------------------------------------

mysql> use address_book_service
Database changed
mysql> create table address_book
    -> (firstName VARCHAR(20) NOT NULL,
    -> lastName VARCHAR(20) NOT NULL,
    -> address VARCHAR(150) NOT NULL,
    -> city VARCHAR(20) NOT NULL,
    -> state VARCHAR(20) NOT NULL,
    -> zip INT NOT NULL,
    -> phone_Number INT NOT NULL,
    -> email_Id VARCHAR(30) NOT NULL);
Query OK, 0 rows affected (0.07 sec)

mysql> describe address_book;
+--------------+--------------+------+-----+---------+-------+
| Field        | Type         | Null | Key | Default | Extra |
+--------------+--------------+------+-----+---------+-------+
| firstName    | varchar(20)  | NO   |     | NULL    |       |
| lastName     | varchar(20)  | NO   |     | NULL    |       |
| address      | varchar(150) | NO   |     | NULL    |       |
| city         | varchar(20)  | NO   |     | NULL    |       |
| state        | varchar(20)  | NO   |     | NULL    |       |
| zip          | int          | NO   |     | NULL    |       |
| phone_Number | int          | NO   |     | NULL    |       |
| email_Id     | varchar(30)  | NO   |     | NULL    |       |
+--------------+--------------+------+-----+---------+-------+
8 rows in set (0.01 sec)

----------------------------------------------------------------
UC3 -> Added contacts to table of address book service database
----------------------------------------------------------------

mysql>  INSERT INTO address_book(firstName,lastName,address,city,state,zip,phone_Number,email_Id)VALUES
    -> ('Ashwini','Rathod','Kalyan','Mumbai',' Maharashtra',45689,968940,'rashwini510@gmail.com'),
    -> ('Akanksha','Jadhav','Ghatkopar',' Mumbai','Maharashtra',12345,1234567890,'ak@gamil.com'),
    -> ('Vishangi','Dabir','Panvel','Mumbai','Maharashtra',11254,123455,'vishangi@gmail.com');
Query OK, 3 rows affected (0.01 sec)
Records: 3  Duplicates: 0  Warnings: 0

mysql> SELECT * FROM address_book;
+-----------+----------+-----------+---------+--------------+-------+--------------+-----------------------+
| firstName | lastName | address   | city    | state        | zip   | phone_Number | email_Id              |
+-----------+----------+-----------+---------+--------------+-------+--------------+-----------------------+
| Ashwini   | Rathod   | Kalyan    | Mumbai  |  Maharashtra | 45689 |       968940 | rashwini510@gmail.com |
| Akanksha  | Jadhav   | Ghatkopar |  Mumbai | Maharashtra  | 12345 |   1234567890 | ak@gamil.com          |
| Vishangi  | Dabir    | Panvel    | Mumbai  | Maharashtra  | 11254 |       123455 | vishangi@gmail.com    |
+-----------+----------+-----------+---------+--------------+-------+--------------+-----------------------+
3 rows in set (0.00 sec)

--------------------------------------------------------------------------
UC4 -> Edit contact in a table of address book service database
--------------------------------------------------------------------------

mysql> update address_book set address = 'Dhule' where firstName = 'Ashwini';
Query OK, 1 row affected (0.01 sec)
Rows matched: 1  Changed: 1  Warnings: 0

mysql> SELECT * FROM address_book;
+-----------+----------+-----------+---------+--------------+-------+--------------+-----------------------+
| firstName | lastName | address   | city    | state        | zip   | phone_Number | email_Id              |
+-----------+----------+-----------+---------+--------------+-------+--------------+-----------------------+
| Ashwini   | Rathod   | Dhule     | Mumbai  |  Maharashtra | 45689 |       968940 | rashwini510@gmail.com |
| Akanksha  | Jadhav   | Ghatkopar |  Mumbai | Maharashtra  | 12345 |   1234567890 | ak@gamil.com          |
| Vishangi  | Dabir    | Panvel    | Mumbai  | Maharashtra  | 11254 |       123455 | vishangi@gmail.com    |
+-----------+----------+-----------+---------+--------------+-------+--------------+-----------------------+
3 rows in set (0.00 sec)

-----------------------------------------------------------------
UC5 -> Delete contact in a table of address book service database
-----------------------------------------------------------------

mysql> DELETE FROM address_book where firstName = 'Ashwini';
Query OK, 1 row affected (0.01 sec)

mysql> SELECT * FROM address_book;
+-----------+----------+-----------+---------+-------------+-------+--------------+--------------------+
| firstName | lastName | address   | city    | state       | zip   | phone_Number | email_Id           |
+-----------+----------+-----------+---------+-------------+-------+--------------+--------------------+
| Akanksha  | Jadhav   | Ghatkopar |  Mumbai | Maharashtra | 12345 |   1234567890 | ak@gamil.com       |
| Vishangi  | Dabir    | Panvel    | Mumbai  | Maharashtra | 11254 |       123455 | vishangi@gmail.com |
+-----------+----------+-----------+---------+-------------+-------+--------------+--------------------+
2 rows in set (0.00 sec)

------------------------------------------------------------------------------------------
UC6 -> Retrieve contact using city or state from a table of address book service database
------------------------------------------------------------------------------------------

mysql> select * from address_book  where city= 'Mumbai';
+-----------+----------+---------+--------+-------------+-------+--------------+--------------------+
| firstName | lastName | address | city   | state       | zip   | phone_Number | email_Id           |
+-----------+----------+---------+--------+-------------+-------+--------------+--------------------+
| Vishangi  | Dabir    | Panvel  | Mumbai | Maharashtra | 11254 |       123455 | vishangi@gmail.com |
+-----------+----------+---------+--------+-------------+-------+--------------+--------------------+
1 row in set (0.00 sec)

mysql> SELECT * FROM address_book WHERE city = 'Mumbai' or state = 'Maharashtra';
+-----------+----------+-----------+---------+-------------+-------+--------------+--------------------+
| firstName | lastName | address   | city    | state       | zip   | phone_Number | email_Id           |
+-----------+----------+-----------+---------+-------------+-------+--------------+--------------------+
| Akanksha  | Jadhav   | Ghatkopar |  Mumbai | Maharashtra | 12345 |   1234567890 | ak@gamil.com       |
| Vishangi  | Dabir    | Panvel    | Mumbai  | Maharashtra | 11254 |       123455 | vishangi@gmail.com |
+-----------+----------+-----------+---------+-------------+-------+--------------+--------------------+
2 rows in set (0.00 sec)

---------------------------------------------------------------
UC7 -> Retrieved size of table of address book service database
---------------------------------------------------------------

mysql> SELECT COUNT(city) FROM address_book;
+-------------+
| COUNT(city) |
+-------------+
|           2 |
+-------------+
1 row in set (0.01 sec)

mysql> SELECT COUNT(state) FROM address_book;
+--------------+
| COUNT(state) |
+--------------+
|            2 |
+--------------+
1 row in set (0.00 sec)

mysql> SELECT city,state,COUNT(*) FROM address_book;
+---------+-------------+----------+
| city    | state       | COUNT(*) |
+---------+-------------+----------+
|  Mumbai | Maharashtra |        2 |
+---------+-------------+----------+
1 row in set (0.00 sec)

---------------------------------------------------------------------------------------
UC8 -> Retrieve contact sorted alphabetically of table of address book service database
---------------------------------------------------------------------------------------

mysql> SELECT * FROM address_book;
+-----------+----------+-----------+---------+-------------+-------+--------------+----------------------+
| firstName | lastName | address   | city    | state       | zip   | phone_Number | email_Id             |
+-----------+----------+-----------+---------+-------------+-------+--------------+----------------------+
| Akanksha  | Jadhav   | Ghatkopar |  Mumbai | Maharashtra | 12345 |   1234567890 | ak@gamil.com         |
| Vishangi  | Dabir    | Panvel    | Mumbai  | Maharashtra | 11254 |       123455 | vishangi@gmail.com   |
+-----------+----------+-----------+---------+-------------+-------+--------------+----------------------+
2 rows in set (0.00 sec)

mysql> SELECT * FROM address_book ORDER BY firstName;
+-----------+----------+-----------+---------+-------------+-------+--------------+--------------------+
| firstName | lastName | address   | city    | state       | zip   | phone_Number | email_Id           |
+-----------+----------+-----------+---------+-------------+-------+--------------+--------------------+
| Akanksha  | Jadhav   | Ghatkopar |  Mumbai | Maharashtra | 12345 |   1234567890 | ak@gamil.com       |
| Vishangi  | Dabir    | Panvel    | Mumbai  | Maharashtra | 11254 |       123455 | vishangi@gmail.com |
+-----------+----------+-----------+---------+-------------+-------+--------------+--------------------+
2 rows in set (0.00 sec)

-----------------------------------------------
UC9 -> Alter address book to add name and type
-----------------------------------------------

mysql> ALTER TABLE address_book ADD bookName VARCHAR(20) NOT NULL, ADD contactType VARCHAR(30) NOT NULL;
Query OK, 0 rows affected (0.04 sec)
Records: 0  Duplicates: 0  Warnings: 0

mysql> SELECT * FROM address_book;
+-----------+----------+-----------+---------+--------------+-------+--------------+-----------------------+----------+-------------+
| firstName | lastName | address   | city    | state        | zip   | phone_Number | email_Id              | bookName | contactType |
+-----------+----------+-----------+---------+--------------+-------+--------------+-----------------------+----------+-------------+
| Akanksha  | Jadhav   | Ghatkopar |  Mumbai | Maharashtra  | 12345 |   1234567890 | ak@gamil.com          |          |             |
| Vishangi  | Dabir    | Panvel    | Mumbai  | Maharashtra  | 11254 |       123455 | vishangi@gmail.com    |          |             |
| Ashwini   | Rathod   | Kalyan    | Mumbai  |  Maharashtra | 45689 |     96894100 | rashwini510@gmail.com |          |             |
+-----------+----------+-----------+---------+--------------+-------+--------------+-----------------------+----------+-------------+
3 rows in set (0.00 sec)

mysql> DESCRIBE address_book;
+--------------+--------------+------+-----+---------+-------+
| Field        | Type         | Null | Key | Default | Extra |
+--------------+--------------+------+-----+---------+-------+
| firstName    | varchar(20)  | NO   |     | NULL    |       |
| lastName     | varchar(20)  | NO   |     | NULL    |       |
| address      | varchar(150) | NO   |     | NULL    |       |
| city         | varchar(20)  | NO   |     | NULL    |       |
| state        | varchar(20)  | NO   |     | NULL    |       |
| zip          | int          | NO   |     | NULL    |       |
| phone_Number | int          | NO   |     | NULL    |       |
| email_Id     | varchar(30)  | NO   |     | NULL    |       |
| bookName     | varchar(20)  | NO   |     | NULL    |       |
| contactType  | varchar(30)  | NO   |     | NULL    |       |
+--------------+--------------+------+-----+---------+-------+
10 rows in set (0.01 sec)

mysql> update address_book set bookname = 'Bridgelabz',contactType = 'Professional' where firstName = 'Ashwini';
Query OK, 1 row affected (0.01 sec)
Rows matched: 1  Changed: 1  Warnings: 0

mysql> update address_book set bookname = 'AJ',contactType = 'Family' where firstName = 'Akanksha';
Query OK, 1 row affected (0.00 sec)
Rows matched: 1  Changed: 1  Warnings: 0

mysql> update address_book set bookname = 'VD',contactType = 'Friend' where firstName = 'Vishangi';
Query OK, 1 row affected (0.01 sec)
Rows matched: 1  Changed: 1  Warnings: 0

mysql> SElECT * FROM address_book;
+-----------+----------+-----------+---------+--------------+-------+--------------+-----------------------+------------+--------------+
| firstName | lastName | address   | city    | state        | zip   | phone_Number | email_Id              | bookName   | contactType  |
+-----------+----------+-----------+---------+--------------+-------+--------------+-----------------------+------------+--------------+
| Akanksha  | Jadhav   | Ghatkopar |  Mumbai | Maharashtra  | 12345 |   1234567890 | ak@gamil.com          | AJ         | Family       |
| Vishangi  | Dabir    | Panvel    | Mumbai  | Maharashtra  | 11254 |       123455 | vishangi@gmail.com    | VD         | Friend       |
| Ashwini   | Rathod   | Kalyan    | Mumbai  |  Maharashtra | 45689 |     96894100 | rashwini510@gmail.com | Bridgelabz | Professional |
+-----------+----------+-----------+---------+--------------+-------+--------------+-----------------------+------------+--------------+
3 rows in set (0.00 sec)

------------------------------------------------------------
UC10 -> Count contacts through contactType for address book
------------------------------------------------------------

mysql> SELECT COUNT(contactType) FROM address_book WHERE contactType = 'Professional';
+--------------------+
| COUNT(contactType) |
+--------------------+
|                  1 |
+--------------------+
1 row in set (0.00 sec)

mysql> SELECT COUNT(contactType) FROM address_book WHERE contactType = 'Family';
+--------------------+
| COUNT(contactType) |
+--------------------+
|                  1 |
+--------------------+
1 row in set (0.00 sec)

mysql> SELECT COUNT(contactType) FROM address_book WHERE contactType = 'Friend';
+--------------------+
| COUNT(contactType) |
+--------------------+
|                  1 |
+--------------------+
1 row in set (0.00 sec)

--------------------------------------------------------
UC11 ->  Ability to add person to both Friend and Family
--------------------------------------------------------

mysql> INSERT INTO address_book(firstName,lastName,address,city,state,zip,phone_Number,email_Id,bookName,contactType)VALUES
    -> ('Neha','Patel','Dhule','Dhule','Maharshtra',424002,785885,'pneha@gmail.com','NP','Friend');
Query OK, 1 row affected (0.01 sec)

mysql> INSERT INTO address_book(firstName,lastName,address,city,state,zip,phone_Number,email_Id,bookName,contactType)VALUES
    -> ('Jayesh','Rathod','Dhule','Dhule','Maharashtra',42446,85575,'jsrathod@gamil.com','JR','Family');
Query OK, 1 row affected (0.01 sec)

mysql> SELECT * FROM address_book;
+-----------+----------+-----------+---------+-------------+--------+--------------+-----------------------+-----------+--------------+
| firstName | lastName | address   | city    | state       | zip    | phone_Number | email_Id              | bookName  | contactType  |
+-----------+----------+-----------+---------+-------------+--------+--------------+-----------------------+-----------+--------------+
| Akanksha  | Jadhav   | Ghatkopar |  Mumbai | Maharashtra |  12345 |   1234567890 | ak@gamil.com          | AJ        | Family       |
| Vishangi  | Dabir    | Panvel    | Mumbai  | Maharashtra |  11254 |       123455 | vishangi@gmail.com    | VD        | Friend       |
| Ashwini   | Rathod   | kalyan    | Mumbai  | Maharashtra | 456785 |       810880 | rashwini510@gmail.com | Bridgelabz| Professional |
| Neha      | Patel    | Dhule     | Dhule   | Maharshtra  | 424002 |       785885 | pneha@gmail.com       | NP        | Friend       |
| Jayesh    | Rathod   | Dhule     | Dhule   | Maharashtra |  42446 |        85575 | jsrathod@gamil.com    | JR        | Family       |
+-----------+----------+-----------+---------+-------------+--------+--------------+-----------------------+-----------+--------------+
5 rows in set (0.00 sec)